"template","screenshot","preset"
"Social/Highlights/App Tour.PNG","Social/Highlights/screenshots/App Tour.PNG",""
"Social/Highlights/H1/1019268E-E9B8-4B09-944D-81B7AB84E85B.PNG","Social/Highlights/screenshots/H1/1019268E-E9B8-4B09-944D-81B7AB84E85B.PNG",""
"Social/Highlights/H1/3211595E-9C75-4468-B4E7-6109E9348F66.PNG","Social/Highlights/screenshots/H1/3211595E-9C75-4468-B4E7-6109E9348F66.PNG",""
"Social/Highlights/H1/63C7FD85-5EB9-43E8-9C80-5B73BA588FD2.PNG","Social/Highlights/screenshots/H1/63C7FD85-5EB9-43E8-9C80-5B73BA588FD2.PNG",""
"Social/Highlights/H1/BE9E7057-0EC2-48CA-8C71-FBCBCB5D09AD.PNG","Social/Highlights/screenshots/H1/BE9E7057-0EC2-48CA-8C71-FBCBCB5D09AD.PNG",""
"Social/Highlights/H1/DF4E89C4-7107-4FB0-B0EE-921A1EE4FDE6.PNG","Social/Highlights/screenshots/H1/DF4E89C4-7107-4FB0-B0EE-921A1EE4FDE6.PNG",""
"Social/Highlights/H2/68BF0E60-1FED-4994-A78C-013BBF9F9535.PNG","Social/Highlights/screenshots/H2/68BF0E60-1FED-4994-A78C-013BBF9F9535.PNG",""
"Social/Highlights/H2/756FB4B0-0CD7-41E3-9DA8-FEF69B32D24F.PNG","Social/Highlights/screenshots/H2/756FB4B0-0CD7-41E3-9DA8-FEF69B32D24F.PNG",""
"Social/Highlights/H2/8FFAA253-FD79-4F66-A87B-7E9807A64E30.PNG","Social/Highlights/screenshots/H2/8FFAA253-FD79-4F66-A87B-7E9807A64E30.PNG",""
"Social/Highlights/H2/996137E4-AB59-4EEB-84C7-169FC1D0ED70.PNG","Social/Highlights/screenshots/H2/996137E4-AB59-4EEB-84C7-169FC1D0ED70.PNG",""
"Social/Highlights/H2/9FA701C1-56F8-4FB4-8E22-3D5976330656.PNG","Social/Highlights/screenshots/H2/9FA701C1-56F8-4FB4-8E22-3D5976330656.PNG",""
"Social/Highlights/H2/BF66D3FF-38CB-4C96-8E4C-BF2A8081D106.PNG","Social/Highlights/screenshots/H2/BF66D3FF-38CB-4C96-8E4C-BF2A8081D106.PNG",""
"Social/Highlights/H2/E3709DA6-D4E5-4027-91E1-D5CA3E76D107.PNG","Social/Highlights/screenshots/H2/E3709DA6-D4E5-4027-91E1-D5CA3E76D107.PNG",""
"Social/Highlights/H3/0B20E63C-6BE4-4492-9AFC-6BB67F7A3C4F.PNG","Social/Highlights/screenshots/H3/0B20E63C-6BE4-4492-9AFC-6BB67F7A3C4F.PNG",""
"Social/Highlights/H3/1E9B4A87-0C6E-49EE-9670-A51A91E22361.PNG","Social/Highlights/screenshots/H3/1E9B4A87-0C6E-49EE-9670-A51A91E22361.PNG",""
"Social/Highlights/H3/2C0449A9-7B72-431B-9C81-FDCE0D52A7D2.PNG","Social/Highlights/screenshots/H3/2C0449A9-7B72-431B-9C81-FDCE0D52A7D2.PNG",""
"Social/Highlights/H3/BF22B771-BB6A-484E-822C-E8A924844B69.PNG","Social/Highlights/screenshots/H3/BF22B771-BB6A-484E-822C-E8A924844B69.PNG",""
"Social/Highlights/H3/F59E681E-870B-4CAE-854B-52DEB4FE2158.PNG","Social/Highlights/screenshots/H3/F59E681E-870B-4CAE-854B-52DEB4FE2158.PNG",""
"Social/Highlights/H4/2FE44829-EF5E-4D83-8BDE-56A5764C61CA.PNG","Social/Highlights/screenshots/H4/2FE44829-EF5E-4D83-8BDE-56A5764C61CA.PNG",""
"Social/Highlights/H4/3ACAC738-E11E-4178-8CAE-98F08A422E9B.PNG","Social/Highlights/screenshots/H4/3ACAC738-E11E-4178-8CAE-98F08A422E9B.PNG",""
"Social/Highlights/H4/53587637-5527-42C4-83F6-FCF9F9A597F3.PNG","Social/Highlights/screenshots/H4/53587637-5527-42C4-83F6-FCF9F9A597F3.PNG",""
"Social/Highlights/H4/8E9DFEBE-AF51-4CC2-A0E0-4DB6BB5CC9AE.PNG","Social/Highlights/screenshots/H4/8E9DFEBE-AF51-4CC2-A0E0-4DB6BB5CC9AE.PNG",""
"Social/Highlights/H4/FAF2B0A3-F752-40FA-8EF7-5E9D67FC0444.PNG","Social/Highlights/screenshots/H4/FAF2B0A3-F752-40FA-8EF7-5E9D67FC0444.PNG",""
"Social/Highlights/H5/097D310C-05AA-4D02-9F22-7DCCBE3E32AA.PNG","Social/Highlights/screenshots/H5/097D310C-05AA-4D02-9F22-7DCCBE3E32AA.PNG",""
"Social/Highlights/H5/9EC74303-0C78-48CE-815C-FA95B36A9A27.PNG","Social/Highlights/screenshots/H5/9EC74303-0C78-48CE-815C-FA95B36A9A27.PNG",""
"Social/Highlights/H5/A85B7B4E-5409-4DD1-A936-474645D63B19.PNG","Social/Highlights/screenshots/H5/A85B7B4E-5409-4DD1-A936-474645D63B19.PNG",""
"Social/Highlights/H5/BB4E1FAD-31F5-423A-9ECB-3B3C377CAFA6.PNG","Social/Highlights/screenshots/H5/BB4E1FAD-31F5-423A-9ECB-3B3C377CAFA6.PNG",""
"Social/Highlights/H5/DB572AC2-1B40-40D3-920E-2B619F086561.PNG","Social/Highlights/screenshots/H5/DB572AC2-1B40-40D3-920E-2B619F086561.PNG",""
"Social/Highlights/H6/0C73AF4C-4D9D-4004-BC66-B4A77E2158EB.PNG","Social/Highlights/screenshots/H6/0C73AF4C-4D9D-4004-BC66-B4A77E2158EB.PNG",""
"Social/Highlights/H6/2A0D345A-70C4-4673-B9B8-59214974615E.PNG","Social/Highlights/screenshots/H6/2A0D345A-70C4-4673-B9B8-59214974615E.PNG",""
"Social/Highlights/H6/5F1110A3-F854-443B-AEC1-251E856026C7.PNG","Social/Highlights/screenshots/H6/5F1110A3-F854-443B-AEC1-251E856026C7.PNG",""
"Social/Highlights/H6/E688BDC2-C10E-408A-97F9-C9491BD44566.PNG","Social/Highlights/screenshots/H6/E688BDC2-C10E-408A-97F9-C9491BD44566.PNG",""
"Social/Highlights/H6/F251DBDD-D0C4-4E8B-9A75-86F5F39C10AA.PNG","Social/Highlights/screenshots/H6/F251DBDD-D0C4-4E8B-9A75-86F5F39C10AA.PNG",""
"Social/Highlights/H7/1A3C5EE8-4727-44BC-AACB-5A3B9E6E15C4.PNG","Social/Highlights/screenshots/H7/1A3C5EE8-4727-44BC-AACB-5A3B9E6E15C4.PNG",""
"Social/Highlights/H7/2E725F8F-5607-423F-95C5-CDC76C8B1EA7.PNG","Social/Highlights/screenshots/H7/2E725F8F-5607-423F-95C5-CDC76C8B1EA7.PNG",""
"Social/Highlights/H7/55457B17-FD65-41D1-B667-C386DF203EC4.PNG","Social/Highlights/screenshots/H7/55457B17-FD65-41D1-B667-C386DF203EC4.PNG",""
"Social/Highlights/H7/7BD2BF94-7C75-4200-91C3-71CF78243A47.PNG","Social/Highlights/screenshots/H7/7BD2BF94-7C75-4200-91C3-71CF78243A47.PNG",""
"Social/Highlights/H7/E14CBE34-E749-4915-8A27-4B62183CA1F9.PNG","Social/Highlights/screenshots/H7/E14CBE34-E749-4915-8A27-4B62183CA1F9.PNG",""
"Social/Highlights/H8/16B27F95-3E5D-4C7E-9770-7A4EEE5ACD2E.PNG","Social/Highlights/screenshots/H8/16B27F95-3E5D-4C7E-9770-7A4EEE5ACD2E.PNG",""
"Social/Highlights/H8/1F2B5B91-86B6-447D-B724-391BC52DD300.PNG","Social/Highlights/screenshots/H8/1F2B5B91-86B6-447D-B724-391BC52DD300.PNG",""
"Social/Highlights/H8/433C5974-157E-4A14-A947-29B4D60591C1.PNG","Social/Highlights/screenshots/H8/433C5974-157E-4A14-A947-29B4D60591C1.PNG",""
"Social/Highlights/H8/6CA1896A-C2F3-4CE1-A25C-858873284127.PNG","Social/Highlights/screenshots/H8/6CA1896A-C2F3-4CE1-A25C-858873284127.PNG",""
"Social/Highlights/H8/7BC9474C-1D96-46B6-A57A-2855BDB5B2BE.PNG","Social/Highlights/screenshots/H8/7BC9474C-1D96-46B6-A57A-2855BDB5B2BE.PNG",""
"Social/Highlights/H9/0C14FD51-1506-4136-8351-8600624ADC8D.PNG","Social/Highlights/screenshots/H9/0C14FD51-1506-4136-8351-8600624ADC8D.PNG",""
"Social/Highlights/H9/1754B0C1-E2A4-43F9-A019-7B0045367A72.PNG","Social/Highlights/screenshots/H9/1754B0C1-E2A4-43F9-A019-7B0045367A72.PNG",""
"Social/Highlights/H9/8053F3C2-D3FD-48F8-93CC-BFBC8645AA3A.PNG","Social/Highlights/screenshots/H9/8053F3C2-D3FD-48F8-93CC-BFBC8645AA3A.PNG",""
"Social/Highlights/H9/9E7421F8-BC16-4AFE-9430-6ACE06064933.PNG","Social/Highlights/screenshots/H9/9E7421F8-BC16-4AFE-9430-6ACE06064933.PNG",""
"Social/Highlights/H9/CDF53BC8-ADE3-4961-B8D4-4235756C03AC.PNG","Social/Highlights/screenshots/H9/CDF53BC8-ADE3-4961-B8D4-4235756C03AC.PNG",""
"Social/Highlights/IMG_1140.PNG","Social/Highlights/screenshots/IMG_1140.PNG",""
